{
  "Sagittal T2/STIR": {
    "mean": 38.75198818773051,
    "median": 19.0,
    "std": 44.219579417153646
  },
  "Sagittal T1": {
    "mean": 42.444001906701466,
    "median": 21.0,
    "std": 49.805705493997024
  },
  "Axial T2": {
    "mean": 56.108132548398494,
    "median": 32.0,
    "std": 54.100053219370544
  }
}